App;TestFileName;ProductionFileName;LOC;numberMethods;Assertion Roulette;Eager Test;Mystery Guest;Sleepy Test;Unknown Test;Redundant Assertion;Dependent Test;Magic Number Test;Conditional Test Logic;EmptyTest;General Fixture;IgnoredTest;Sensitive Equality;Verbose Test;Default Test;Resource Optimism;Duplicate Assert;Exception Catching Throwing;Constructor Initialization;Print Statement;Lazy Test
checkstyle;CheckstyleAntTaskTest;C:\Users\Danny\.jnose_projects\checkstyle\src\main\java\com\puppycrawl\tools\checkstyle\ant\CheckstyleAntTask.java;948;58;0;39;9;0;0;0;0;0;5;0;0;0;0;5;0;32;4;0;0;0;16
checkstyle;AbstractCheckTest;C:\Users\Danny\.jnose_projects\checkstyle\src\main\java\com\puppycrawl\tools\checkstyle\api\AbstractCheck.java;512;20;0;9;2;0;1;0;0;0;0;0;0;0;0;2;0;5;3;0;0;0;35
checkstyle;AbstractFileSetCheckTest;C:\Users\Danny\.jnose_projects\checkstyle\src\main\java\com\puppycrawl\tools\checkstyle\api\AbstractFileSetCheck.java;362;18;3;8;4;0;1;0;0;0;0;0;0;0;0;2;0;5;3;3;0;0;30
checkstyle;AbstractViolationReporterTest;C:\Users\Danny\.jnose_projects\checkstyle\src\main\java\com\puppycrawl\tools\checkstyle\api\AbstractViolationReporter.java;155;10;1;2;0;0;0;0;0;0;0;0;0;0;0;0;0;0;0;1;0;0;2
checkstyle;AuditEventTest;C:\Users\Danny\.jnose_projects\checkstyle\src\main\java\com\puppycrawl\tools\checkstyle\api\AuditEvent.java;80;2;0;2;0;0;0;0;0;0;0;0;0;0;0;1;0;0;1;0;0;0;5
checkstyle;AutomaticBeanTest;C:\Users\Danny\.jnose_projects\checkstyle\src\main\java\com\puppycrawl\tools\checkstyle\api\AutomaticBean.java;403;14;8;1;0;0;0;0;0;0;0;0;0;0;0;1;0;0;1;8;0;0;12
checkstyle;BeforeExecutionFileFilterSetTest;C:\Users\Danny\.jnose_projects\checkstyle\src\main\java\com\puppycrawl\tools\checkstyle\api\BeforeExecutionFileFilterSet.java;103;6;0;6;0;0;0;0;0;0;0;0;0;0;0;0;0;0;1;0;0;0;3
checkstyle;CommentTest;C:\Users\Danny\.jnose_projects\checkstyle\src\main\java\com\puppycrawl\tools\checkstyle\api\Comment.java;96;4;0;4;0;0;0;0;0;0;0;0;0;0;0;0;0;0;1;0;0;0;2
checkstyle;FileContentsTest;C:\Users\Danny\.jnose_projects\checkstyle\src\main\java\com\puppycrawl\tools\checkstyle\api\FileContents.java;335;21;0;20;0;0;0;0;0;0;0;0;0;0;0;0;0;21;4;0;0;0;9
checkstyle;FileSetCheckTest;C:\Users\Danny\.jnose_projects\checkstyle\src\main\java\com\puppycrawl\tools\checkstyle\api\FileSetCheck.java;95;4;0;0;0;0;0;0;0;0;0;0;0;0;0;0;0;0;0;0;0;0;0
checkstyle;FileTextTest;C:\Users\Danny\.jnose_projects\checkstyle\src\main\java\com\puppycrawl\tools\checkstyle\api\FileText.java;193;10;2;7;2;0;0;0;0;0;1;0;0;0;0;0;0;9;2;2;0;0;2
checkstyle;FilterSetTest;C:\Users\Danny\.jnose_projects\checkstyle\src\main\java\com\puppycrawl\tools\checkstyle\api\FilterSet.java;134;8;0;7;0;0;0;0;0;0;0;0;0;0;0;0;0;0;1;0;0;0;6
checkstyle;FullIdentTest;C:\Users\Danny\.jnose_projects\checkstyle\src\main\java\com\puppycrawl\tools\checkstyle\api\FullIdent.java;244;12;0;8;0;0;0;0;0;0;0;0;0;0;0;0;0;6;0;0;0;0;3
checkstyle;JavadocTokenTypesTest;C:\Users\Danny\.jnose_projects\checkstyle\src\main\java\com\puppycrawl\tools\checkstyle\api\JavadocTokenTypes.java;597;3;0;0;0;0;0;0;0;0;0;0;0;0;0;1;0;0;1;0;0;0;0
checkstyle;LineColumnTest;C:\Users\Danny\.jnose_projects\checkstyle\src\main\java\com\puppycrawl\tools\checkstyle\api\LineColumn.java;88;5;0;4;0;0;0;0;0;0;0;0;0;0;0;0;0;0;3;0;0;0;2
checkstyle;ScopeTest;C:\Users\Danny\.jnose_projects\checkstyle\src\main\java\com\puppycrawl\tools\checkstyle\api\Scope.java;245;10;1;1;0;0;0;0;0;0;0;0;0;0;1;0;0;0;8;1;0;0;2
checkstyle;SeverityLevelCounterTest;C:\Users\Danny\.jnose_projects\checkstyle\src\main\java\com\puppycrawl\tools\checkstyle\api\SeverityLevelCounter.java;109;5;1;4;0;0;0;0;0;0;0;0;0;0;0;0;0;0;4;1;0;0;3
checkstyle;SeverityLevelTest;C:\Users\Danny\.jnose_projects\checkstyle\src\main\java\com\puppycrawl\tools\checkstyle\api\SeverityLevel.java;102;4;1;1;0;0;0;0;0;0;0;0;0;0;1;0;0;0;2;1;0;0;1
checkstyle;TokenTypesTest;C:\Users\Danny\.jnose_projects\checkstyle\src\main\java\com\puppycrawl\tools\checkstyle\api\TokenTypes.java;99;4;0;0;0;0;0;0;0;0;0;0;0;0;0;0;0;0;0;0;0;0;0
checkstyle;ViolationTest;C:\Users\Danny\.jnose_projects\checkstyle\src\main\java\com\puppycrawl\tools\checkstyle\api\Violation.java;469;28;0;8;0;0;0;0;0;0;0;0;0;0;0;2;0;0;5;0;0;0;10
checkstyle;AstTreeStringPrinterTest;C:\Users\Danny\.jnose_projects\checkstyle\src\main\java\com\puppycrawl\tools\checkstyle\AstTreeStringPrinter.java;190;15;1;0;1;0;9;0;0;0;0;0;0;0;0;0;0;4;0;1;0;0;0
checkstyle;AuditEventDefaultFormatterTest;C:\Users\Danny\.jnose_projects\checkstyle\src\main\java\com\puppycrawl\tools\checkstyle\AuditEventDefaultFormatter.java;103;6;0;0;0;0;0;0;0;0;0;0;0;0;0;0;0;0;0;0;0;0;3
checkstyle;CheckerTest;C:\Users\Danny\.jnose_projects\checkstyle\src\main\java\com\puppycrawl\tools\checkstyle\Checker.java;1955;61;13;38;22;0;4;0;0;0;1;0;0;0;0;19;0;26;3;27;0;0;209
checkstyle;AnnotationLocationCheckTest;C:\Users\Danny\.jnose_projects\checkstyle\src\main\java\com\puppycrawl\tools\checkstyle\checks\annotation\AnnotationLocationCheck.java;310;20;0;0;0;0;17;0;0;0;0;0;0;0;0;0;0;0;0;0;0;0;0
checkstyle;AnnotationOnSameLineCheckTest;C:\Users\Danny\.jnose_projects\checkstyle\src\main\java\com\puppycrawl\tools\checkstyle\checks\annotation\AnnotationOnSameLineCheck.java;152;8;0;0;0;0;5;0;0;0;0;0;0;0;0;0;0;0;0;0;0;0;0
checkstyle;AnnotationUseStyleCheckTest;C:\Users\Danny\.jnose_projects\checkstyle\src\main\java\com\puppycrawl\tools\checkstyle\checks\annotation\AnnotationUseStyleCheck.java;351;23;1;0;0;0;17;0;0;0;0;0;0;0;0;0;0;0;0;1;0;0;0
checkstyle;MissingDeprecatedCheckTest;C:\Users\Danny\.jnose_projects\checkstyle\src\main\java\com\puppycrawl\tools\checkstyle\checks\annotation\MissingDeprecatedCheck.java;191;12;0;0;0;0;9;0;0;0;0;0;0;0;0;0;0;0;0;0;0;0;0
checkstyle;MissingOverrideCheckTest;C:\Users\Danny\.jnose_projects\checkstyle\src\main\java\com\puppycrawl\tools\checkstyle\checks\annotation\MissingOverrideCheck.java;243;15;0;0;0;0;13;0;0;0;0;0;0;0;0;0;0;0;0;0;0;0;0
checkstyle;PackageAnnotationCheckTest;C:\Users\Danny\.jnose_projects\checkstyle\src\main\java\com\puppycrawl\tools\checkstyle\checks\annotation\PackageAnnotationCheck.java;80;5;0;0;0;0;3;0;0;0;0;0;0;0;0;0;0;0;0;0;0;0;0
checkstyle;SuppressWarningsCheckTest;C:\Users\Danny\.jnose_projects\checkstyle\src\main\java\com\puppycrawl\tools\checkstyle\checks\annotation\SuppressWarningsCheck.java;1084;40;0;0;0;0;39;0;0;0;0;0;0;0;0;9;0;0;0;0;0;0;0
checkstyle;ArrayTypeStyleCheckTest;C:\Users\Danny\.jnose_projects\checkstyle\src\main\java\com\puppycrawl\tools\checkstyle\checks\ArrayTypeStyleCheck.java;108;6;0;0;0;0;3;0;0;0;0;0;0;0;0;0;0;0;0;0;0;0;0
checkstyle;AvoidEscapedUnicodeCharactersCheckTest;C:\Users\Danny\.jnose_projects\checkstyle\src\main\java\com\puppycrawl\tools\checkstyle\checks\AvoidEscapedUnicodeCharactersCheck.java;555;19;0;0;0;0;10;0;0;0;6;0;0;0;0;6;0;0;1;0;0;0;0
checkstyle;AvoidNestedBlocksCheckTest;C:\Users\Danny\.jnose_projects\checkstyle\src\main\java\com\puppycrawl\tools\checkstyle\checks\blocks\AvoidNestedBlocksCheck.java;83;5;0;0;0;0;2;0;0;0;0;0;0;0;0;0;0;0;0;0;0;0;0
checkstyle;EmptyBlockCheckTest;C:\Users\Danny\.jnose_projects\checkstyle\src\main\java\com\puppycrawl\tools\checkstyle\checks\blocks\EmptyBlockCheck.java;237;15;1;0;0;0;12;0;0;0;0;0;0;0;0;0;0;0;0;1;0;0;0
checkstyle;EmptyCatchBlockCheckTest;C:\Users\Danny\.jnose_projects\checkstyle\src\main\java\com\puppycrawl\tools\checkstyle\checks\blocks\EmptyCatchBlockCheck.java;105;6;0;0;0;0;3;0;0;0;0;0;0;0;0;0;0;0;0;1;0;0;0
checkstyle;LeftCurlyCheckTest;C:\Users\Danny\.jnose_projects\checkstyle\src\main\java\com\puppycrawl\tools\checkstyle\checks\blocks\LeftCurlyCheck.java;515;31;1;0;0;0;26;0;0;0;0;0;0;0;0;2;0;0;0;1;0;0;0
checkstyle;NeedBracesCheckTest;C:\Users\Danny\.jnose_projects\checkstyle\src\main\java\com\puppycrawl\tools\checkstyle\checks\blocks\NeedBracesCheck.java;279;16;0;0;0;0;15;0;0;0;0;0;0;0;0;0;0;0;0;0;0;0;0
checkstyle;RightCurlyCheckTest;C:\Users\Danny\.jnose_projects\checkstyle\src\main\java\com\puppycrawl\tools\checkstyle\checks\blocks\RightCurlyCheck.java;642;39;1;0;0;0;36;0;0;0;0;0;0;0;0;2;0;0;0;1;0;0;0
checkstyle;ArrayTrailingCommaCheckTest;C:\Users\Danny\.jnose_projects\checkstyle\src\main\java\com\puppycrawl\tools\checkstyle\checks\coding\ArrayTrailingCommaCheck.java;82;4;0;1;0;0;2;0;0;0;0;0;0;0;0;0;0;0;0;0;0;0;0
checkstyle;AvoidDoubleBraceInitializationCheckTest;C:\Users\Danny\.jnose_projects\checkstyle\src\main\java\com\puppycrawl\tools\checkstyle\checks\coding\AvoidDoubleBraceInitializationCheck.java;77;3;0;1;0;0;1;0;0;0;0;0;0;0;0;0;0;0;0;0;0;0;0
checkstyle;AvoidInlineConditionalsCheckTest;C:\Users\Danny\.jnose_projects\checkstyle\src\main\java\com\puppycrawl\tools\checkstyle\checks\coding\AvoidInlineConditionalsCheck.java;63;3;0;1;0;0;1;0;0;0;0;0;0;0;0;0;0;0;0;0;0;0;0
checkstyle;AvoidNoArgumentSuperConstructorCallCheckTest;C:\Users\Danny\.jnose_projects\checkstyle\src\main\java\com\puppycrawl\tools\checkstyle\checks\coding\AvoidNoArgumentSuperConstructorCallCheck.java;69;3;0;1;0;0;1;0;0;0;0;0;0;0;0;0;0;0;0;0;0;0;0
checkstyle;CovariantEqualsCheckTest;C:\Users\Danny\.jnose_projects\checkstyle\src\main\java\com\puppycrawl\tools\checkstyle\checks\coding\CovariantEqualsCheck.java;77;4;0;1;0;0;2;0;0;0;0;0;0;0;0;0;0;0;0;0;0;0;0
checkstyle;DeclarationOrderCheckTest;C:\Users\Danny\.jnose_projects\checkstyle\src\main\java\com\puppycrawl\tools\checkstyle\checks\coding\DeclarationOrderCheck.java;239;12;0;1;0;0;8;0;0;0;0;0;0;0;0;0;0;0;1;0;0;0;1
checkstyle;DefaultComesLastCheckTest;C:\Users\Danny\.jnose_projects\checkstyle\src\main\java\com\puppycrawl\tools\checkstyle\checks\coding\DefaultComesLastCheck.java;126;7;0;1;0;0;5;0;0;0;0;0;0;0;0;0;0;0;0;0;0;0;0
checkstyle;EmptyStatementCheckTest;C:\Users\Danny\.jnose_projects\checkstyle\src\main\java\com\puppycrawl\tools\checkstyle\checks\coding\EmptyStatementCheck.java;77;3;0;1;0;0;1;0;0;0;0;0;0;0;0;0;0;0;0;0;0;0;0
checkstyle;EqualsAvoidNullCheckTest;C:\Users\Danny\.jnose_projects\checkstyle\src\main\java\com\puppycrawl\tools\checkstyle\checks\coding\EqualsAvoidNullCheck.java;261;11;0;1;0;0;9;0;0;0;0;0;0;0;0;2;0;0;0;0;0;0;0
checkstyle;EqualsHashCodeCheckTest;C:\Users\Danny\.jnose_projects\checkstyle\src\main\java\com\puppycrawl\tools\checkstyle\checks\coding\EqualsHashCodeCheck.java;133;7;0;1;0;0;5;0;0;0;0;0;0;0;0;0;0;1;0;0;0;0;0
checkstyle;ExplicitInitializationCheckTest;C:\Users\Danny\.jnose_projects\checkstyle\src\main\java\com\puppycrawl\tools\checkstyle\checks\coding\ExplicitInitializationCheck.java;99;4;0;1;0;0;2;0;0;0;0;0;0;0;0;0;0;0;0;0;0;0;0
checkstyle;FallThroughCheckTest;C:\Users\Danny\.jnose_projects\checkstyle\src\main\java\com\puppycrawl\tools\checkstyle\checks\coding\FallThroughCheck.java;243;12;0;1;0;0;10;0;0;0;0;0;0;0;0;1;0;0;0;0;0;0;0
checkstyle;FinalLocalVariableCheckTest;C:\Users\Danny\.jnose_projects\checkstyle\src\main\java\com\puppycrawl\tools\checkstyle\checks\coding\FinalLocalVariableCheck.java;310;23;1;0;0;0;21;0;0;0;0;0;0;0;0;1;0;0;0;1;0;0;0
checkstyle;HiddenFieldCheckTest;C:\Users\Danny\.jnose_projects\checkstyle\src\main\java\com\puppycrawl\tools\checkstyle\checks\coding\HiddenFieldCheck.java;517;19;0;0;0;0;16;0;0;0;1;0;0;0;0;6;0;1;0;0;0;0;0
checkstyle;IllegalCatchCheckTest;C:\Users\Danny\.jnose_projects\checkstyle\src\main\java\com\puppycrawl\tools\checkstyle\checks\coding\IllegalCatchCheck.java;111;6;0;1;0;0;4;0;0;0;0;0;0;0;0;0;0;0;0;0;0;0;0
checkstyle;IllegalInstantiationCheckTest;C:\Users\Danny\.jnose_projects\checkstyle\src\main\java\com\puppycrawl\tools\checkstyle\checks\coding\IllegalInstantiationCheck.java;231;14;1;1;0;0;8;0;0;0;0;0;0;0;0;0;0;3;0;1;0;0;0
checkstyle;IllegalThrowsCheckTest;C:\Users\Danny\.jnose_projects\checkstyle\src\main\java\com\puppycrawl\tools\checkstyle\checks\coding\IllegalThrowsCheck.java;134;8;0;1;0;0;6;0;0;0;0;0;0;0;0;0;0;0;0;0;0;0;0
checkstyle;IllegalTokenCheckTest;C:\Users\Danny\.jnose_projects\checkstyle\src\main\java\com\puppycrawl\tools\checkstyle\checks\coding\IllegalTokenCheck.java;138;8;0;0;0;0;7;0;0;0;0;0;0;0;0;0;0;0;0;0;0;0;0
checkstyle;IllegalTokenTextCheckTest;C:\Users\Danny\.jnose_projects\checkstyle\src\main\java\com\puppycrawl\tools\checkstyle\checks\coding\IllegalTokenTextCheck.java;192;11;0;2;0;0;7;0;0;0;1;0;0;0;0;0;0;0;1;0;0;0;1
checkstyle;IllegalTypeCheckTest;C:\Users\Danny\.jnose_projects\checkstyle\src\main\java\com\puppycrawl\tools\checkstyle\checks\coding\IllegalTypeCheck.java;422;28;1;2;0;0;25;0;0;0;0;0;0;0;0;0;0;1;0;1;0;0;1
checkstyle;InnerAssignmentCheckTest;C:\Users\Danny\.jnose_projects\checkstyle\src\main\java\com\puppycrawl\tools\checkstyle\checks\coding\InnerAssignmentCheck.java;96;5;0;1;0;0;3;0;0;0;0;0;0;0;0;0;0;0;0;0;0;0;0
checkstyle;MagicNumberCheckTest;C:\Users\Danny\.jnose_projects\checkstyle\src\main\java\com\puppycrawl\tools\checkstyle\checks\coding\MagicNumberCheck.java;503;14;0;0;0;0;13;0;0;0;0;0;0;0;0;8;0;0;0;0;0;0;0
checkstyle;MatchXpathCheckTest;C:\Users\Danny\.jnose_projects\checkstyle\src\main\java\com\puppycrawl\tools\checkstyle\checks\coding\MatchXpathCheck.java;233;20;2;1;0;0;14;0;0;0;0;0;0;0;0;0;0;0;0;2;0;0;1
checkstyle;MissingCtorCheckTest;C:\Users\Danny\.jnose_projects\checkstyle\src\main\java\com\puppycrawl\tools\checkstyle\checks\coding\MissingCtorCheck.java;76;4;0;1;0;0;2;0;0;0;0;0;0;0;0;0;0;0;0;0;0;0;0
checkstyle;MissingSwitchDefaultCheckTest;C:\Users\Danny\.jnose_projects\checkstyle\src\main\java\com\puppycrawl\tools\checkstyle\checks\coding\MissingSwitchDefaultCheck.java;102;7;0;1;0;0;5;0;0;0;0;0;0;0;0;0;0;0;0;0;0;0;0
checkstyle;ModifiedControlVariableCheckTest;C:\Users\Danny\.jnose_projects\checkstyle\src\main\java\com\puppycrawl\tools\checkstyle\checks\coding\ModifiedControlVariableCheck.java;161;8;2;2;0;0;4;0;0;0;0;0;0;0;0;0;0;1;2;2;0;0;0
checkstyle;MultipleStringLiteralsCheckTest;C:\Users\Danny\.jnose_projects\checkstyle\src\main\java\com\puppycrawl\tools\checkstyle\checks\coding\MultipleStringLiteralsCheck.java;183;10;0;1;0;0;8;0;0;0;0;0;0;0;0;0;0;1;0;0;0;0;0
checkstyle;MultipleVariableDeclarationsCheckTest;C:\Users\Danny\.jnose_projects\checkstyle\src\main\java\com\puppycrawl\tools\checkstyle\checks\coding\MultipleVariableDeclarationsCheck.java;71;3;0;1;0;0;1;0;0;0;0;0;0;0;0;0;0;0;0;0;0;0;0
checkstyle;NestedForDepthCheckTest;C:\Users\Danny\.jnose_projects\checkstyle\src\main\java\com\puppycrawl\tools\checkstyle\checks\coding\NestedForDepthCheck.java;94;4;0;1;0;0;2;0;0;0;0;0;0;0;0;0;0;0;0;0;0;0;0
checkstyle;NestedIfDepthCheckTest;C:\Users\Danny\.jnose_projects\checkstyle\src\main\java\com\puppycrawl\tools\checkstyle\checks\coding\NestedIfDepthCheck.java;72;4;0;1;0;0;2;0;0;0;0;0;0;0;0;0;0;0;0;0;0;0;0
checkstyle;NestedTryDepthCheckTest;C:\Users\Danny\.jnose_projects\checkstyle\src\main\java\com\puppycrawl\tools\checkstyle\checks\coding\NestedTryDepthCheck.java;74;4;0;1;0;0;2;0;0;0;0;0;0;0;0;0;0;0;0;0;0;0;0
checkstyle;NoArrayTrailingCommaCheckTest;C:\Users\Danny\.jnose_projects\checkstyle\src\main\java\com\puppycrawl\tools\checkstyle\checks\coding\NoArrayTrailingCommaCheck.java;64;3;0;1;0;0;1;0;0;0;0;0;0;0;0;0;0;0;0;0;0;0;0
checkstyle;NoCloneCheckTest;C:\Users\Danny\.jnose_projects\checkstyle\src\main\java\com\puppycrawl\tools\checkstyle\checks\coding\NoCloneCheck.java;67;3;0;1;0;0;1;0;0;0;0;0;0;0;0;0;0;0;0;0;0;0;0
checkstyle;NoEnumTrailingCommaCheckTest;C:\Users\Danny\.jnose_projects\checkstyle\src\main\java\com\puppycrawl\tools\checkstyle\checks\coding\NoEnumTrailingCommaCheck.java;80;3;0;1;0;0;1;0;0;0;0;0;0;0;0;0;0;0;0;0;0;0;0
checkstyle;NoFinalizerCheckTest;C:\Users\Danny\.jnose_projects\checkstyle\src\main\java\com\puppycrawl\tools\checkstyle\checks\coding\NoFinalizerCheck.java;80;5;0;0;0;0;3;0;0;0;0;0;0;0;0;0;0;0;0;0;0;0;0
checkstyle;OneStatementPerLineCheckTest;C:\Users\Danny\.jnose_projects\checkstyle\src\main\java\com\puppycrawl\tools\checkstyle\checks\coding\OneStatementPerLineCheck.java;123;7;0;1;0;0;5;0;0;0;0;0;0;0;0;0;0;0;0;0;0;0;0
checkstyle;OverloadMethodsDeclarationOrderCheckTest;C:\Users\Danny\.jnose_projects\checkstyle\src\main\java\com\puppycrawl\tools\checkstyle\checks\coding\OverloadMethodsDeclarationOrderCheck.java;78;4;0;1;0;0;2;0;0;0;0;0;0;0;0;0;0;0;0;0;0;0;0
checkstyle;PackageDeclarationCheckTest;C:\Users\Danny\.jnose_projects\checkstyle\src\main\java\com\puppycrawl\tools\checkstyle\checks\coding\PackageDeclarationCheck.java;167;13;0;1;0;0;11;0;0;0;0;0;0;0;0;0;0;0;0;0;0;0;0
checkstyle;ParameterAssignmentCheckTest;C:\Users\Danny\.jnose_projects\checkstyle\src\main\java\com\puppycrawl\tools\checkstyle\checks\coding\ParameterAssignmentCheck.java;126;6;0;1;0;0;3;0;0;0;0;0;0;0;0;0;0;1;0;0;0;0;0
checkstyle;RequireThisCheckTest;C:\Users\Danny\.jnose_projects\checkstyle\src\main\java\com\puppycrawl\tools\checkstyle\checks\coding\RequireThisCheck.java;526;35;0;1;0;0;30;0;0;0;0;0;0;0;0;1;0;1;0;0;0;0;0
checkstyle;ReturnCountCheckTest;C:\Users\Danny\.jnose_projects\checkstyle\src\main\java\com\puppycrawl\tools\checkstyle\checks\coding\ReturnCountCheck.java;177;10;2;1;0;0;7;0;0;0;0;0;0;0;0;0;0;1;2;2;0;0;0
checkstyle;SimplifyBooleanExpressionCheckTest;C:\Users\Danny\.jnose_projects\checkstyle\src\main\java\com\puppycrawl\tools\checkstyle\checks\coding\SimplifyBooleanExpressionCheck.java;72;3;0;1;0;0;1;0;0;0;0;0;0;0;0;0;0;0;0;0;0;0;0
checkstyle;SimplifyBooleanReturnCheckTest;C:\Users\Danny\.jnose_projects\checkstyle\src\main\java\com\puppycrawl\tools\checkstyle\checks\coding\SimplifyBooleanReturnCheck.java;61;3;0;1;0;0;1;0;0;0;0;0;0;0;0;0;0;0;0;0;0;0;0
checkstyle;StringLiteralEqualityCheckTest;C:\Users\Danny\.jnose_projects\checkstyle\src\main\java\com\puppycrawl\tools\checkstyle\checks\coding\StringLiteralEqualityCheck.java;112;6;0;1;0;0;4;0;0;0;0;0;0;0;0;0;0;0;0;0;0;0;0
checkstyle;SuperCloneCheckTest;C:\Users\Danny\.jnose_projects\checkstyle\src\main\java\com\puppycrawl\tools\checkstyle\checks\coding\SuperCloneCheck.java;115;6;0;0;0;0;3;0;0;0;0;0;0;0;0;0;0;1;0;0;0;0;0
checkstyle;SuperFinalizeCheckTest;C:\Users\Danny\.jnose_projects\checkstyle\src\main\java\com\puppycrawl\tools\checkstyle\checks\coding\SuperFinalizeCheck.java;56;3;0;0;0;0;2;0;0;0;0;0;0;0;0;0;0;0;0;0;0;0;0
checkstyle;UnnecessaryParenthesesCheckTest;C:\Users\Danny\.jnose_projects\checkstyle\src\main\java\com\puppycrawl\tools\checkstyle\checks\coding\UnnecessaryParenthesesCheck.java;261;11;0;1;0;0;9;0;0;0;0;0;0;0;0;2;0;0;0;0;0;0;0
checkstyle;UnnecessarySemicolonAfterOuterTypeDeclarationCheckTest;C:\Users\Danny\.jnose_projects\checkstyle\src\main\java\com\puppycrawl\tools\checkstyle\checks\coding\UnnecessarySemicolonAfterOuterTypeDeclarationCheck.java;89;4;0;1;0;0;2;0;0;0;0;0;0;0;0;0;0;0;0;0;0;0;0
checkstyle;UnnecessarySemicolonAfterTypeMemberDeclarationCheckTest;C:\Users\Danny\.jnose_projects\checkstyle\src\main\java\com\puppycrawl\tools\checkstyle\checks\coding\UnnecessarySemicolonAfterTypeMemberDeclarationCheck.java;113;4;0;1;0;0;2;0;0;0;0;0;0;0;0;0;0;0;0;0;0;0;0
checkstyle;UnnecessarySemicolonInEnumerationCheckTest;C:\Users\Danny\.jnose_projects\checkstyle\src\main\java\com\puppycrawl\tools\checkstyle\checks\coding\UnnecessarySemicolonInEnumerationCheck.java;80;3;0;1;0;0;1;0;0;0;0;0;0;0;0;0;0;0;0;0;0;0;0
checkstyle;UnnecessarySemicolonInTryWithResourcesCheckTest;C:\Users\Danny\.jnose_projects\checkstyle\src\main\java\com\puppycrawl\tools\checkstyle\checks\coding\UnnecessarySemicolonInTryWithResourcesCheck.java;81;4;0;1;0;0;2;0;0;0;0;0;0;0;0;0;0;0;0;0;0;0;0
checkstyle;UnusedLocalVariableCheckTest;C:\Users\Danny\.jnose_projects\checkstyle\src\main\java\com\puppycrawl\tools\checkstyle\checks\coding\UnusedLocalVariableCheck.java;386;18;0;3;0;0;11;0;0;0;0;0;0;0;0;2;0;4;2;0;0;0;1
checkstyle;VariableDeclarationUsageDistanceCheckTest;C:\Users\Danny\.jnose_projects\checkstyle\src\main\java\com\puppycrawl\tools\checkstyle\checks\coding\VariableDeclarationUsageDistanceCheck.java;312;14;0;1;0;0;12;0;0;0;0;0;0;0;0;3;0;0;0;0;0;0;0
checkstyle;DescendantTokenCheckTest;C:\Users\Danny\.jnose_projects\checkstyle\src\main\java\com\puppycrawl\tools\checkstyle\checks\DescendantTokenCheck.java;279;21;0;0;0;0;20;0;0;0;0;0;0;0;0;0;0;0;0;0;0;0;0
checkstyle;DesignForExtensionCheckTest;C:\Users\Danny\.jnose_projects\checkstyle\src\main\java\com\puppycrawl\tools\checkstyle\checks\design\DesignForExtensionCheck.java;170;12;0;0;0;0;9;0;0;0;0;0;0;0;0;0;0;0;0;0;0;0;0
checkstyle;FinalClassCheckTest;C:\Users\Danny\.jnose_projects\checkstyle\src\main\java\com\puppycrawl\tools\checkstyle\checks\design\FinalClassCheck.java;238;17;1;0;0;0;13;0;0;0;0;0;0;0;0;0;0;0;0;1;0;0;0
checkstyle;HideUtilityClassConstructorCheckTest;C:\Users\Danny\.jnose_projects\checkstyle\src\main\java\com\puppycrawl\tools\checkstyle\checks\design\HideUtilityClassConstructorCheck.java;149;14;0;0;0;0;11;0;0;0;0;0;0;0;0;0;0;0;0;0;0;0;0
checkstyle;InnerTypeLastCheckTest;C:\Users\Danny\.jnose_projects\checkstyle\src\main\java\com\puppycrawl\tools\checkstyle\checks\design\InnerTypeLastCheck.java;144;10;0;0;0;0;7;0;0;0;0;0;0;0;0;0;0;1;0;0;0;0;0
checkstyle;InterfaceIsTypeCheckTest;C:\Users\Danny\.jnose_projects\checkstyle\src\main\java\com\puppycrawl\tools\checkstyle\checks\design\InterfaceIsTypeCheck.java;77;5;0;0;0;0;2;0;0;0;0;0;0;0;0;0;0;0;0;0;0;0;0
checkstyle;MutableExceptionCheckTest;C:\Users\Danny\.jnose_projects\checkstyle\src\main\java\com\puppycrawl\tools\checkstyle\checks\design\MutableExceptionCheck.java;135;8;1;0;0;0;4;0;0;0;0;0;0;0;0;0;0;1;0;1;0;0;0
checkstyle;OneTopLevelClassCheckTest;C:\Users\Danny\.jnose_projects\checkstyle\src\main\java\com\puppycrawl\tools\checkstyle\checks\design\OneTopLevelClassCheck.java;221;19;0;0;0;0;16;0;0;0;0;0;0;0;0;0;0;1;0;0;0;0;0
checkstyle;ThrowsCountCheckTest;C:\Users\Danny\.jnose_projects\checkstyle\src\main\java\com\puppycrawl\tools\checkstyle\checks\design\ThrowsCountCheck.java;120;8;1;3;0;0;4;0;0;0;0;0;0;0;0;0;0;0;0;1;0;0;1
checkstyle;VisibilityModifierCheckTest;C:\Users\Danny\.jnose_projects\checkstyle\src\main\java\com\puppycrawl\tools\checkstyle\checks\design\VisibilityModifierCheck.java;440;29;1;0;0;0;24;0;0;0;0;0;0;0;0;0;0;1;0;1;0;0;0
checkstyle;FinalParametersCheckTest;C:\Users\Danny\.jnose_projects\checkstyle\src\main\java\com\puppycrawl\tools\checkstyle\checks\FinalParametersCheck.java;147;9;0;0;0;0;8;0;0;0;0;0;0;0;0;0;0;0;0;0;0;0;0
checkstyle;HeaderCheckTest;C:\Users\Danny\.jnose_projects\checkstyle\src\main\java\com\puppycrawl\tools\checkstyle\checks\header\HeaderCheck.java;324;21;0;0;2;0;10;0;0;0;0;0;0;0;0;0;0;2;0;1;0;0;2
checkstyle;RegexpHeaderCheckTest;C:\Users\Danny\.jnose_projects\checkstyle\src\main\java\com\puppycrawl\tools\checkstyle\checks\header\RegexpHeaderCheck.java;383;28;4;0;0;0;20;0;0;0;0;0;0;0;0;0;0;0;0;4;0;0;1
checkstyle;AccessResultTest;C:\Users\Danny\.jnose_projects\checkstyle\src\main\java\com\puppycrawl\tools\checkstyle\checks\imports\AccessResult.java;57;2;0;0;0;0;0;0;0;0;0;0;0;0;0;0;0;0;0;0;0;0;0
checkstyle;AvoidStarImportCheckTest;C:\Users\Danny\.jnose_projects\checkstyle\src\main\java\com\puppycrawl\tools\checkstyle\checks\imports\AvoidStarImportCheck.java;117;7;0;0;0;0;4;0;0;0;0;0;0;0;0;0;0;0;0;0;0;0;0
checkstyle;AvoidStaticImportCheckTest;C:\Users\Danny\.jnose_projects\checkstyle\src\main\java\com\puppycrawl\tools\checkstyle\checks\imports\AvoidStaticImportCheck.java;163;8;0;0;0;0;5;0;0;0;0;0;0;0;0;0;0;0;0;0;0;0;0
checkstyle;ClassImportRuleTest;C:\Users\Danny\.jnose_projects\checkstyle\src\main\java\com\puppycrawl\tools\checkstyle\checks\imports\ClassImportRule.java;109;3;0;3;0;0;0;0;0;0;0;0;0;0;0;0;0;0;3;0;0;0;2
checkstyle;CustomImportOrderCheckTest;C:\Users\Danny\.jnose_projects\checkstyle\src\main\java\com\puppycrawl\tools\checkstyle\checks\imports\CustomImportOrderCheck.java;751;50;4;0;0;0;37;0;0;0;0;0;0;0;0;0;0;1;4;4;0;0;0
checkstyle;FileImportControlTest;C:\Users\Danny\.jnose_projects\checkstyle\src\main\java\com\puppycrawl\tools\checkstyle\checks\imports\FileImportControl.java;66;5;0;0;0;0;0;0;0;0;0;0;0;0;0;0;0;0;1;0;0;0;0
checkstyle;IllegalImportCheckTest;C:\Users\Danny\.jnose_projects\checkstyle\src\main\java\com\puppycrawl\tools\checkstyle\checks\imports\IllegalImportCheck.java;160;11;0;2;0;0;8;0;0;0;0;0;0;0;0;0;0;0;0;0;0;0;1
checkstyle;ImportControlCheckTest;C:\Users\Danny\.jnose_projects\checkstyle\src\main\java\com\puppycrawl\tools\checkstyle\checks\imports\ImportControlCheck.java;453;38;4;0;1;0;28;0;0;0;0;0;0;0;0;0;0;1;0;4;0;0;0
checkstyle;ImportControlLoaderTest;C:\Users\Danny\.jnose_projects\checkstyle\src\main\java\com\puppycrawl\tools\checkstyle\checks\imports\ImportControlLoader.java;170;7;3;0;0;0;0;0;0;0;0;0;0;0;0;0;0;3;0;4;0;0;1
checkstyle;ImportOrderCheckTest;C:\Users\Danny\.jnose_projects\checkstyle\src\main\java\com\puppycrawl\tools\checkstyle\checks\imports\ImportOrderCheck.java;758;63;3;0;0;0;57;0;0;0;0;0;0;0;0;0;0;0;1;3;0;0;0
checkstyle;PkgImportControlTest;C:\Users\Danny\.jnose_projects\checkstyle\src\main\java\com\puppycrawl\tools\checkstyle\checks\imports\PkgImportControl.java;323;23;0;3;0;0;0;0;0;0;0;0;0;0;0;2;0;0;12;0;0;0;3
checkstyle;PkgImportRuleTest;C:\Users\Danny\.jnose_projects\checkstyle\src\main\java\com\puppycrawl\tools\checkstyle\checks\imports\PkgImportRule.java;231;7;0;7;0;0;0;0;0;0;0;0;0;0;0;2;0;0;7;0;0;0;2
checkstyle;RedundantImportCheckTest;C:\Users\Danny\.jnose_projects\checkstyle\src\main\java\com\puppycrawl\tools\checkstyle\checks\imports\RedundantImportCheck.java;124;6;0;0;0;0;3;0;0;0;0;0;0;0;0;0;0;1;0;0;0;0;0
checkstyle;UnusedImportsCheckTest;C:\Users\Danny\.jnose_projects\checkstyle\src\main\java\com\puppycrawl\tools\checkstyle\checks\imports\UnusedImportsCheck.java;305;18;0;0;0;0;15;0;0;0;0;0;0;0;0;1;0;1;0;0;0;0;0
checkstyle;CommentsIndentationCheckTest;C:\Users\Danny\.jnose_projects\checkstyle\src\main\java\com\puppycrawl\tools\checkstyle\checks\indentation\CommentsIndentationCheck.java;326;17;1;0;0;0;15;0;0;0;0;0;0;0;0;1;0;0;0;1;0;0;0
checkstyle;IndentationCheckTest;C:\Users\Danny\.jnose_projects\checkstyle\src\main\java\com\puppycrawl\tools\checkstyle\checks\indentation\IndentationCheck.java;3134;139;0;1;0;0;125;0;0;0;0;0;0;0;0;17;0;0;0;0;0;0;0
checkstyle;AbstractJavadocCheckTest;C:\Users\Danny\.jnose_projects\checkstyle\src\main\java\com\puppycrawl\tools\checkstyle\checks\javadoc\AbstractJavadocCheck.java;696;33;2;1;0;0;12;0;0;0;0;0;0;0;0;2;0;1;0;2;0;0;0
checkstyle;AtclauseOrderCheckTest;C:\Users\Danny\.jnose_projects\checkstyle\src\main\java\com\puppycrawl\tools\checkstyle\checks\javadoc\AtclauseOrderCheck.java;221;12;0;0;0;0;9;0;0;0;0;0;0;0;0;1;0;0;0;0;0;0;1
checkstyle;InvalidJavadocPositionCheckTest;C:\Users\Danny\.jnose_projects\checkstyle\src\main\java\com\puppycrawl\tools\checkstyle\checks\javadoc\InvalidJavadocPositionCheck.java;115;6;0;0;0;0;3;0;0;0;0;0;0;0;0;1;0;0;0;0;0;0;0
checkstyle;JavadocBlockTagLocationCheckTest;C:\Users\Danny\.jnose_projects\checkstyle\src\main\java\com\puppycrawl\tools\checkstyle\checks\javadoc\JavadocBlockTagLocationCheck.java;103;6;0;1;0;0;4;0;0;0;0;0;0;0;0;0;0;0;0;0;0;0;0
checkstyle;JavadocContentLocationCheckTest;C:\Users\Danny\.jnose_projects\checkstyle\src\main\java\com\puppycrawl\tools\checkstyle\checks\javadoc\JavadocContentLocationCheck.java;102;8;0;0;0;0;5;0;0;0;0;0;0;0;0;0;0;0;0;0;0;0;0
checkstyle;JavadocMethodCheckTest;C:\Users\Danny\.jnose_projects\checkstyle\src\main\java\com\puppycrawl\tools\checkstyle\checks\javadoc\JavadocMethodCheck.java;498;40;0;0;0;0;36;0;0;0;0;0;0;0;1;1;0;0;0;0;0;0;0
checkstyle;JavadocMissingLeadingAsteriskCheckTest;C:\Users\Danny\.jnose_projects\checkstyle\src\main\java\com\puppycrawl\tools\checkstyle\checks\javadoc\JavadocMissingLeadingAsteriskCheck.java;77;4;0;0;0;0;2;0;0;0;0;0;0;0;0;0;0;0;0;0;0;0;0
checkstyle;JavadocMissingWhitespaceAfterAsteriskCheckTest;C:\Users\Danny\.jnose_projects\checkstyle\src\main\java\com\puppycrawl\tools\checkstyle\checks\javadoc\JavadocMissingWhitespaceAfterAsteriskCheck.java;103;6;0;0;0;0;3;0;0;0;0;0;0;0;0;0;0;0;0;0;0;0;0
checkstyle;JavadocNodeImplTest;C:\Users\Danny\.jnose_projects\checkstyle\src\main\java\com\puppycrawl\tools\checkstyle\checks\javadoc\JavadocNodeImpl.java;57;2;0;2;0;0;0;0;0;0;0;0;0;0;1;0;0;0;0;0;0;0;1
checkstyle;JavadocPackageCheckTest;C:\Users\Danny\.jnose_projects\checkstyle\src\main\java\com\puppycrawl\tools\checkstyle\checks\javadoc\JavadocPackageCheck.java;184;12;1;1;2;0;9;0;0;0;0;0;0;0;0;0;0;3;0;1;0;0;0
checkstyle;JavadocParagraphCheckTest;C:\Users\Danny\.jnose_projects\checkstyle\src\main\java\com\puppycrawl\tools\checkstyle\checks\javadoc\JavadocParagraphCheck.java;129;5;0;0;0;0;3;0;0;0;0;0;0;0;0;1;0;0;0;0;0;0;0
checkstyle;JavadocStyleCheckTest;C:\Users\Danny\.jnose_projects\checkstyle\src\main\java\com\puppycrawl\tools\checkstyle\checks\javadoc\JavadocStyleCheck.java;578;39;0;0;0;0;36;0;0;0;0;0;0;0;1;0;0;0;0;0;0;0;0
checkstyle;JavadocTagContinuationIndentationCheckTest;C:\Users\Danny\.jnose_projects\checkstyle\src\main\java\com\puppycrawl\tools\checkstyle\checks\javadoc\JavadocTagContinuationIndentationCheck.java;139;7;0;0;0;0;5;0;0;0;0;0;0;0;0;1;0;0;0;0;0;0;0
checkstyle;JavadocTagInfoTest;C:\Users\Danny\.jnose_projects\checkstyle\src\main\java\com\puppycrawl\tools\checkstyle\checks\javadoc\JavadocTagInfo.java;466;15;4;12;0;0;0;0;0;0;12;0;0;0;1;5;0;0;9;4;0;0;2
checkstyle;JavadocTagTest;C:\Users\Danny\.jnose_projects\checkstyle\src\main\java\com\puppycrawl\tools\checkstyle\checks\javadoc\JavadocTag.java;89;5;7;3;0;0;0;0;0;0;0;0;0;0;1;0;0;0;0;0;0;0;2
checkstyle;JavadocTypeCheckTest;C:\Users\Danny\.jnose_projects\checkstyle\src\main\java\com\puppycrawl\tools\checkstyle\checks\javadoc\JavadocTypeCheck.java;390;34;0;0;0;0;31;0;0;0;0;0;0;0;0;0;0;0;0;0;0;0;0
checkstyle;JavadocVariableCheckTest;C:\Users\Danny\.jnose_projects\checkstyle\src\main\java\com\puppycrawl\tools\checkstyle\checks\javadoc\JavadocVariableCheck.java;341;15;0;0;0;0;12;0;0;0;0;0;0;0;0;4;0;0;0;0;0;0;0
checkstyle;MissingJavadocMethodCheckTest;C:\Users\Danny\.jnose_projects\checkstyle\src\main\java\com\puppycrawl\tools\checkstyle\checks\javadoc\MissingJavadocMethodCheck.java;448;33;0;0;0;0;30;0;0;0;0;0;0;0;0;2;0;0;0;0;0;0;0
checkstyle;MissingJavadocPackageCheckTest;C:\Users\Danny\.jnose_projects\checkstyle\src\main\java\com\puppycrawl\tools\checkstyle\checks\javadoc\MissingJavadocPackageCheck.java;162;16;0;1;0;0;14;0;0;0;0;0;0;0;0;0;0;0;0;0;0;0;0
checkstyle;MissingJavadocTypeCheckTest;C:\Users\Danny\.jnose_projects\checkstyle\src\main\java\com\puppycrawl\tools\checkstyle\checks\javadoc\MissingJavadocTypeCheck.java;365;29;0;0;0;0;26;0;0;0;0;0;0;0;0;0;0;0;0;0;0;0;0
checkstyle;NonEmptyAtclauseDescriptionCheckTest;C:\Users\Danny\.jnose_projects\checkstyle\src\main\java\com\puppycrawl\tools\checkstyle\checks\javadoc\NonEmptyAtclauseDescriptionCheck.java;96;5;0;0;0;0;2;0;0;0;0;0;0;0;0;0;0;0;0;0;0;0;0
checkstyle;RequireEmptyLineBeforeBlockTagGroupCheckTest;C:\Users\Danny\.jnose_projects\checkstyle\src\main\java\com\puppycrawl\tools\checkstyle\checks\javadoc\RequireEmptyLineBeforeBlockTagGroupCheck.java;72;4;0;0;0;0;2;0;0;0;0;0;0;0;0;0;0;0;0;0;0;0;0
checkstyle;SingleLineJavadocCheckTest;C:\Users\Danny\.jnose_projects\checkstyle\src\main\java\com\puppycrawl\tools\checkstyle\checks\javadoc\SingleLineJavadocCheck.java;82;5;0;0;0;0;2;0;0;0;0;0;0;0;0;0;0;0;0;0;0;0;0
checkstyle;SummaryJavadocCheckTest;C:\Users\Danny\.jnose_projects\checkstyle\src\main\java\com\puppycrawl\tools\checkstyle\checks\javadoc\SummaryJavadocCheck.java;260;17;0;0;0;0;15;0;0;0;0;0;0;0;0;0;0;0;0;0;0;0;0
checkstyle;BlockTagUtilTest;C:\Users\Danny\.jnose_projects\checkstyle\src\main\java\com\puppycrawl\tools\checkstyle\checks\javadoc\utils\BlockTagUtil.java;121;5;0;0;0;0;0;0;0;4;0;0;0;0;0;0;0;0;0;0;0;0;1
checkstyle;InlineTagUtilTest;C:\Users\Danny\.jnose_projects\checkstyle\src\main\java\com\puppycrawl\tools\checkstyle\checks\javadoc\utils\InlineTagUtil.java;147;8;2;0;0;0;0;0;0;7;0;0;0;0;0;0;0;0;0;2;0;0;1
checkstyle;WriteTagCheckTest;C:\Users\Danny\.jnose_projects\checkstyle\src\main\java\com\puppycrawl\tools\checkstyle\checks\javadoc\WriteTagCheck.java;272;17;0;0;0;0;15;0;0;0;0;0;0;0;0;0;0;0;0;0;0;0;0
checkstyle;BooleanExpressionComplexityCheckTest;C:\Users\Danny\.jnose_projects\checkstyle\src\main\java\com\puppycrawl\tools\checkstyle\checks\metrics\BooleanExpressionComplexityCheck.java;117;7;1;1;0;0;5;0;0;0;0;0;0;0;0;0;0;0;0;1;0;0;0
checkstyle;ClassDataAbstractionCouplingCheckTest;C:\Users\Danny\.jnose_projects\checkstyle\src\main\java\com\puppycrawl\tools\checkstyle\checks\metrics\ClassDataAbstractionCouplingCheck.java;197;12;2;2;0;0;8;0;0;0;0;0;0;0;0;0;0;0;0;2;0;0;1
checkstyle;ClassFanOutComplexityCheckTest;C:\Users\Danny\.jnose_projects\checkstyle\src\main\java\com\puppycrawl\tools\checkstyle\checks\metrics\ClassFanOutComplexityCheck.java;338;24;1;1;0;0;19;0;0;0;0;0;0;0;0;0;0;2;0;1;0;0;1
checkstyle;CyclomaticComplexityCheckTest;C:\Users\Danny\.jnose_projects\checkstyle\src\main\java\com\puppycrawl\tools\checkstyle\checks\metrics\CyclomaticComplexityCheck.java;159;9;0;0;0;0;6;0;0;0;0;0;0;0;0;0;0;0;0;0;0;0;0
checkstyle;JavaNCSSCheckTest;C:\Users\Danny\.jnose_projects\checkstyle\src\main\java\com\puppycrawl\tools\checkstyle\checks\metrics\JavaNCSSCheck.java;197;7;0;0;0;0;4;0;0;0;0;0;0;0;0;2;0;0;0;0;0;0;0
checkstyle;NPathComplexityCheckTest;C:\Users\Danny\.jnose_projects\checkstyle\src\main\java\com\puppycrawl\tools\checkstyle\checks\metrics\NPathComplexityCheck.java;381;17;0;1;0;0;7;0;0;0;0;0;0;0;0;1;0;1;3;0;0;0;1
checkstyle;ClassMemberImpliedModifierCheckTest;C:\Users\Danny\.jnose_projects\checkstyle\src\main\java\com\puppycrawl\tools\checkstyle\checks\modifier\ClassMemberImpliedModifierCheck.java;168;10;1;0;0;0;7;0;0;0;0;0;0;0;0;0;0;0;0;1;0;0;0
checkstyle;InterfaceMemberImpliedModifierCheckTest;C:\Users\Danny\.jnose_projects\checkstyle\src\main\java\com\puppycrawl\tools\checkstyle\checks\modifier\InterfaceMemberImpliedModifierCheck.java;388;25;1;0;0;0;22;0;0;0;0;0;0;0;0;0;0;0;0;1;0;0;0
checkstyle;ModifierOrderCheckTest;C:\Users\Danny\.jnose_projects\checkstyle\src\main\java\com\puppycrawl\tools\checkstyle\checks\modifier\ModifierOrderCheck.java;161;10;0;0;0;0;6;0;0;0;0;0;0;0;0;0;0;0;0;0;0;0;0
checkstyle;RedundantModifierCheckTest;C:\Users\Danny\.jnose_projects\checkstyle\src\main\java\com\puppycrawl\tools\checkstyle\checks\modifier\RedundantModifierCheck.java;336;23;0;0;0;0;19;0;0;0;0;0;0;0;0;0;0;0;0;0;0;0;0
checkstyle;AbbreviationAsWordInNameCheckTest;C:\Users\Danny\.jnose_projects\checkstyle\src\main\java\com\puppycrawl\tools\checkstyle\checks\naming\AbbreviationAsWordInNameCheck.java;470;23;0;0;0;0;21;0;0;0;0;0;0;0;0;2;0;0;0;0;0;0;0
checkstyle;AbstractClassNameCheckTest;C:\Users\Danny\.jnose_projects\checkstyle\src\main\java\com\puppycrawl\tools\checkstyle\checks\naming\AbstractClassNameCheck.java;148;8;0;0;0;0;5;0;0;0;0;0;0;0;0;0;0;0;0;0;0;0;0
checkstyle;AccessModifierOptionTest;C:\Users\Danny\.jnose_projects\checkstyle\src\main\java\com\puppycrawl\tools\checkstyle\checks\naming\AccessModifierOption.java;60;2;0;0;0;0;0;0;0;0;0;0;0;0;0;0;0;0;2;0;0;0;0
checkstyle;CatchParameterNameCheckTest;C:\Users\Danny\.jnose_projects\checkstyle\src\main\java\com\puppycrawl\tools\checkstyle\checks\naming\CatchParameterNameCheck.java;99;6;0;1;0;0;4;0;0;0;0;0;0;0;0;0;0;0;0;0;0;0;0
checkstyle;ClassTypeParameterNameCheckTest;C:\Users\Danny\.jnose_projects\checkstyle\src\main\java\com\puppycrawl\tools\checkstyle\checks\naming\ClassTypeParameterNameCheck.java;90;5;0;2;0;0;2;0;0;0;0;0;0;0;0;0;0;0;0;0;0;0;1
checkstyle;ConstantNameCheckTest;C:\Users\Danny\.jnose_projects\checkstyle\src\main\java\com\puppycrawl\tools\checkstyle\checks\naming\ConstantNameCheck.java;169;11;1;2;0;0;7;0;0;0;0;0;0;0;0;0;0;0;0;1;0;0;1
checkstyle;IllegalIdentifierNameCheckTest;C:\Users\Danny\.jnose_projects\checkstyle\src\main\java\com\puppycrawl\tools\checkstyle\checks\naming\IllegalIdentifierNameCheck.java;157;8;0;2;0;0;5;0;0;0;0;0;0;0;0;0;0;0;0;0;0;0;1
checkstyle;InterfaceTypeParameterNameCheckTest;C:\Users\Danny\.jnose_projects\checkstyle\src\main\java\com\puppycrawl\tools\checkstyle\checks\naming\InterfaceTypeParameterNameCheck.java;86;5;0;2;0;0;2;0;0;0;0;0;0;0;0;0;0;0;0;0;0;0;1
checkstyle;LambdaParameterNameCheckTest;C:\Users\Danny\.jnose_projects\checkstyle\src\main\java\com\puppycrawl\tools\checkstyle\checks\naming\LambdaParameterNameCheck.java;97;5;0;2;0;0;2;0;0;0;0;0;0;0;0;0;0;0;0;0;0;0;1
checkstyle;LocalFinalVariableNameCheckTest;C:\Users\Danny\.jnose_projects\checkstyle\src\main\java\com\puppycrawl\tools\checkstyle\checks\naming\LocalFinalVariableNameCheck.java;122;8;0;2;0;0;5;0;0;0;0;0;0;0;0;0;0;0;0;0;0;0;1
checkstyle;LocalVariableNameCheckTest;C:\Users\Danny\.jnose_projects\checkstyle\src\main\java\com\puppycrawl\tools\checkstyle\checks\naming\LocalVariableNameCheck.java;91;5;0;1;0;0;3;0;0;0;0;0;0;0;0;0;0;0;0;0;0;0;0
checkstyle;MemberNameCheckTest;C:\Users\Danny\.jnose_projects\checkstyle\src\main\java\com\puppycrawl\tools\checkstyle\checks\naming\MemberNameCheck.java;221;13;0;2;0;0;10;0;0;0;0;0;0;0;0;1;0;0;0;0;0;0;1
checkstyle;MethodNameCheckTest;C:\Users\Danny\.jnose_projects\checkstyle\src\main\java\com\puppycrawl\tools\checkstyle\checks\naming\MethodNameCheck.java;210;12;0;2;0;0;9;0;0;0;0;0;0;0;0;0;0;0;0;0;0;0;1
checkstyle;MethodTypeParameterNameCheckTest;C:\Users\Danny\.jnose_projects\checkstyle\src\main\java\com\puppycrawl\tools\checkstyle\checks\naming\MethodTypeParameterNameCheck.java;94;5;0;2;0;0;2;0;0;0;0;0;0;0;0;0;0;0;0;0;0;0;1
checkstyle;PackageNameCheckTest;C:\Users\Danny\.jnose_projects\checkstyle\src\main\java\com\puppycrawl\tools\checkstyle\checks\naming\PackageNameCheck.java;82;5;0;0;0;0;2;0;0;0;0;0;0;0;0;0;0;0;0;0;0;0;0
checkstyle;ParameterNameCheckTest;C:\Users\Danny\.jnose_projects\checkstyle\src\main\java\com\puppycrawl\tools\checkstyle\checks\naming\ParameterNameCheck.java;170;12;0;2;0;0;9;0;0;0;0;0;0;0;0;0;0;0;0;0;0;0;1
checkstyle;PatternVariableNameCheckTest;C:\Users\Danny\.jnose_projects\checkstyle\src\main\java\com\puppycrawl\tools\checkstyle\checks\naming\PatternVariableNameCheck.java;101;4;0;1;0;0;2;0;0;0;0;0;0;0;0;0;0;0;0;0;0;0;0
checkstyle;RecordComponentNameCheckTest;C:\Users\Danny\.jnose_projects\checkstyle\src\main\java\com\puppycrawl\tools\checkstyle\checks\naming\RecordComponentNameCheck.java;91;5;0;2;0;0;2;0;0;0;0;0;0;0;0;0;0;0;0;0;0;0;1
checkstyle;RecordTypeParameterNameCheckTest;C:\Users\Danny\.jnose_projects\checkstyle\src\main\java\com\puppycrawl\tools\checkstyle\checks\naming\RecordTypeParameterNameCheck.java;89;5;0;2;0;0;2;0;0;0;0;0;0;0;0;0;0;0;0;0;0;0;1
checkstyle;StaticVariableNameCheckTest;C:\Users\Danny\.jnose_projects\checkstyle\src\main\java\com\puppycrawl\tools\checkstyle\checks\naming\StaticVariableNameCheck.java;89;6;0;2;0;0;3;0;0;0;0;0;0;0;0;0;0;0;0;0;0;0;1
checkstyle;TypeNameCheckTest;C:\Users\Danny\.jnose_projects\checkstyle\src\main\java\com\puppycrawl\tools\checkstyle\checks\naming\TypeNameCheck.java;123;8;0;0;0;0;7;0;0;0;0;0;0;0;0;0;0;0;0;0;0;0;0
checkstyle;NewlineAtEndOfFileCheckTest;C:\Users\Danny\.jnose_projects\checkstyle\src\main\java\com\puppycrawl\tools\checkstyle\checks\NewlineAtEndOfFileCheck.java;228;15;2;0;1;0;10;0;0;0;0;0;0;0;0;0;0;1;0;2;0;0;0
checkstyle;NoCodeInFileCheckTest;C:\Users\Danny\.jnose_projects\checkstyle\src\main\java\com\puppycrawl\tools\checkstyle\checks\NoCodeInFileCheck.java;96;8;0;0;0;0;5;0;0;0;0;0;0;0;0;0;0;0;0;0;0;0;0
checkstyle;OrderedPropertiesCheckTest;C:\Users\Danny\.jnose_projects\checkstyle\src\main\java\com\puppycrawl\tools\checkstyle\checks\OrderedPropertiesCheck.java;198;12;0;0;2;0;7;0;0;0;0;0;0;0;0;0;0;2;0;0;0;0;1
checkstyle;OuterTypeFilenameCheckTest;C:\Users\Danny\.jnose_projects\checkstyle\src\main\java\com\puppycrawl\tools\checkstyle\checks\OuterTypeFilenameCheck.java;168;15;0;0;0;0;12;0;0;0;0;0;0;0;0;0;0;0;0;0;0;0;0
checkstyle;RegexpCheckTest;C:\Users\Danny\.jnose_projects\checkstyle\src\main\java\com\puppycrawl\tools\checkstyle\checks\regexp\RegexpCheck.java;293;29;0;0;0;0;26;0;0;0;0;0;0;0;0;0;0;0;0;0;0;0;0
checkstyle;RegexpMultilineCheckTest;C:\Users\Danny\.jnose_projects\checkstyle\src\main\java\com\puppycrawl\tools\checkstyle\checks\regexp\RegexpMultilineCheck.java;262;20;0;0;6;0;16;0;0;0;0;0;0;0;0;0;0;6;0;0;0;0;0
checkstyle;RegexpOnFilenameCheckTest;C:\Users\Danny\.jnose_projects\checkstyle\src\main\java\com\puppycrawl\tools\checkstyle\checks\regexp\RegexpOnFilenameCheck.java;282;23;0;1;2;0;20;0;0;0;0;0;0;0;0;0;0;2;0;0;0;0;0
checkstyle;RegexpSinglelineCheckTest;C:\Users\Danny\.jnose_projects\checkstyle\src\main\java\com\puppycrawl\tools\checkstyle\checks\regexp\RegexpSinglelineCheck.java;133;10;0;0;1;0;7;0;0;0;0;0;0;0;0;0;0;1;0;0;0;0;0
checkstyle;RegexpSinglelineJavaCheckTest;C:\Users\Danny\.jnose_projects\checkstyle\src\main\java\com\puppycrawl\tools\checkstyle\checks\regexp\RegexpSinglelineJavaCheck.java;204;21;0;0;0;0;18;0;0;0;0;0;0;0;0;0;0;0;0;0;0;0;0
checkstyle;AnonInnerLengthCheckTest;C:\Users\Danny\.jnose_projects\checkstyle\src\main\java\com\puppycrawl\tools\checkstyle\checks\sizes\AnonInnerLengthCheck.java;80;5;0;0;0;0;2;0;0;0;0;0;0;0;0;0;0;0;0;0;0;0;0
checkstyle;ExecutableStatementCountCheckTest;C:\Users\Danny\.jnose_projects\checkstyle\src\main\java\com\puppycrawl\tools\checkstyle\checks\sizes\ExecutableStatementCountCheck.java;207;12;2;2;0;0;8;0;0;0;0;0;0;0;0;0;0;0;0;2;0;0;1
checkstyle;FileLengthCheckTest;C:\Users\Danny\.jnose_projects\checkstyle\src\main\java\com\puppycrawl\tools\checkstyle\checks\sizes\FileLengthCheck.java;111;7;2;0;0;0;4;0;0;0;0;0;0;0;0;0;0;0;1;2;0;0;0
checkstyle;LambdaBodyLengthCheckTest;C:\Users\Danny\.jnose_projects\checkstyle\src\main\java\com\puppycrawl\tools\checkstyle\checks\sizes\LambdaBodyLengthCheck.java;92;6;0;0;0;0;3;0;0;0;0;0;0;0;0;0;0;0;0;0;0;0;0
checkstyle;LineLengthCheckTest;C:\Users\Danny\.jnose_projects\checkstyle\src\main\java\com\puppycrawl\tools\checkstyle\checks\sizes\LineLengthCheck.java;121;9;0;0;0;0;8;0;0;0;0;0;0;0;0;0;0;0;0;0;0;0;0
checkstyle;MethodCountCheckTest;C:\Users\Danny\.jnose_projects\checkstyle\src\main\java\com\puppycrawl\tools\checkstyle\checks\sizes\MethodCountCheck.java;192;13;0;0;0;0;10;0;0;0;0;0;0;0;0;0;0;0;0;0;0;0;0
checkstyle;MethodLengthCheckTest;C:\Users\Danny\.jnose_projects\checkstyle\src\main\java\com\puppycrawl\tools\checkstyle\checks\sizes\MethodLengthCheck.java;160;11;0;0;0;0;8;0;0;0;0;0;0;0;0;0;0;0;0;0;0;0;0
checkstyle;OuterTypeNumberCheckTest;C:\Users\Danny\.jnose_projects\checkstyle\src\main\java\com\puppycrawl\tools\checkstyle\checks\sizes\OuterTypeNumberCheck.java;107;7;0;0;0;0;4;0;0;0;0;0;0;0;0;0;0;0;0;0;0;0;0
checkstyle;ParameterNumberCheckTest;C:\Users\Danny\.jnose_projects\checkstyle\src\main\java\com\puppycrawl\tools\checkstyle\checks\sizes\ParameterNumberCheck.java;126;9;0;0;0;0;6;0;0;0;0;0;0;0;0;0;0;0;0;0;0;0;0
checkstyle;RecordComponentNumberCheckTest;C:\Users\Danny\.jnose_projects\checkstyle\src\main\java\com\puppycrawl\tools\checkstyle\checks\sizes\RecordComponentNumberCheck.java;156;9;0;0;0;0;6;0;0;0;0;0;0;0;0;0;0;0;0;0;0;0;0
checkstyle;SuppressWarningsHolderTest;C:\Users\Danny\.jnose_projects\checkstyle\src\main\java\com\puppycrawl\tools\checkstyle\checks\SuppressWarningsHolder.java;533;32;5;4;0;0;10;0;0;0;0;0;0;0;0;2;0;1;3;5;0;0;3
checkstyle;TodoCommentCheckTest;C:\Users\Danny\.jnose_projects\checkstyle\src\main\java\com\puppycrawl\tools\checkstyle\checks\TodoCommentCheck.java;72;4;0;0;0;0;1;0;0;0;0;0;0;0;0;0;0;0;0;0;0;0;0
checkstyle;TrailingCommentCheckTest;C:\Users\Danny\.jnose_projects\checkstyle\src\main\java\com\puppycrawl\tools\checkstyle\checks\TrailingCommentCheck.java;137;8;0;0;0;0;5;0;0;0;0;0;0;0;0;0;0;0;0;0;0;0;0
checkstyle;TranslationCheckTest;C:\Users\Danny\.jnose_projects\checkstyle\src\main\java\com\puppycrawl\tools\checkstyle\checks\TranslationCheck.java;656;28;1;2;2;0;20;0;0;0;0;0;0;0;0;1;0;23;1;2;0;0;2
checkstyle;UncommentedMainCheckTest;C:\Users\Danny\.jnose_projects\checkstyle\src\main\java\com\puppycrawl\tools\checkstyle\checks\UncommentedMainCheck.java;144;10;1;1;0;0;7;0;0;0;0;0;0;0;0;0;0;0;0;1;0;0;0
checkstyle;UniquePropertiesCheckTest;C:\Users\Danny\.jnose_projects\checkstyle\src\main\java\com\puppycrawl\tools\checkstyle\checks\UniquePropertiesCheck.java;198;9;0;0;1;0;3;0;0;0;0;0;0;0;0;0;0;2;0;0;0;0;0
checkstyle;UpperEllCheckTest;C:\Users\Danny\.jnose_projects\checkstyle\src\main\java\com\puppycrawl\tools\checkstyle\checks\UpperEllCheck.java;70;4;0;0;0;0;1;0;0;0;0;0;0;0;0;0;0;0;0;0;0;0;0
checkstyle;EmptyForInitializerPadCheckTest;C:\Users\Danny\.jnose_projects\checkstyle\src\main\java\com\puppycrawl\tools\checkstyle\checks\whitespace\EmptyForInitializerPadCheck.java;139;9;1;0;0;0;3;0;0;0;0;0;0;0;0;0;0;0;0;1;0;0;0
checkstyle;EmptyForIteratorPadCheckTest;C:\Users\Danny\.jnose_projects\checkstyle\src\main\java\com\puppycrawl\tools\checkstyle\checks\whitespace\EmptyForIteratorPadCheck.java;110;7;1;0;0;0;3;0;0;0;0;0;0;0;0;0;0;0;0;1;0;0;0
checkstyle;EmptyLineSeparatorCheckTest;C:\Users\Danny\.jnose_projects\checkstyle\src\main\java\com\puppycrawl\tools\checkstyle\checks\whitespace\EmptyLineSeparatorCheck.java;596;47;0;0;0;0;44;0;0;0;0;0;0;0;0;1;0;0;0;0;0;0;0
checkstyle;FileTabCharacterCheckTest;C:\Users\Danny\.jnose_projects\checkstyle\src\main\java\com\puppycrawl\tools\checkstyle\checks\whitespace\FileTabCharacterCheck.java;76;4;0;0;0;0;3;0;0;0;0;0;0;0;0;0;0;0;0;0;0;0;0
checkstyle;GenericWhitespaceCheckTest;C:\Users\Danny\.jnose_projects\checkstyle\src\main\java\com\puppycrawl\tools\checkstyle\checks\whitespace\GenericWhitespaceCheck.java;196;13;1;0;0;0;9;0;0;0;0;0;0;0;0;1;0;0;0;1;0;0;0
checkstyle;MethodParamPadCheckTest;C:\Users\Danny\.jnose_projects\checkstyle\src\main\java\com\puppycrawl\tools\checkstyle\checks\whitespace\MethodParamPadCheck.java;203;10;1;0;0;0;6;0;0;0;0;0;0;0;0;0;0;0;0;1;0;0;0
checkstyle;NoLineWrapCheckTest;C:\Users\Danny\.jnose_projects\checkstyle\src\main\java\com\puppycrawl\tools\checkstyle\checks\whitespace\NoLineWrapCheck.java;89;5;0;0;0;0;4;0;0;0;0;0;0;0;0;0;0;0;0;0;0;0;0
checkstyle;NoWhitespaceAfterCheckTest;C:\Users\Danny\.jnose_projects\checkstyle\src\main\java\com\puppycrawl\tools\checkstyle\checks\whitespace\NoWhitespaceAfterCheck.java;363;19;1;0;0;0;16;0;0;0;0;0;0;0;0;1;0;0;0;1;0;0;0
checkstyle;NoWhitespaceBeforeCaseDefaultColonCheckTest;C:\Users\Danny\.jnose_projects\checkstyle\src\main\java\com\puppycrawl\tools\checkstyle\checks\whitespace\NoWhitespaceBeforeCaseDefaultColonCheck.java;91;4;0;0;0;0;2;0;0;0;0;0;0;0;0;0;0;0;0;0;0;0;0
checkstyle;NoWhitespaceBeforeCheckTest;C:\Users\Danny\.jnose_projects\checkstyle\src\main\java\com\puppycrawl\tools\checkstyle\checks\whitespace\NoWhitespaceBeforeCheck.java;143;10;0;0;0;0;9;0;0;0;0;0;0;0;0;0;0;0;0;0;0;0;0
checkstyle;OperatorWrapCheckTest;C:\Users\Danny\.jnose_projects\checkstyle\src\main\java\com\puppycrawl\tools\checkstyle\checks\whitespace\OperatorWrapCheck.java;186;12;1;0;0;0;10;0;0;0;0;0;0;0;0;0;0;0;0;1;0;0;0
checkstyle;ParenPadCheckTest;C:\Users\Danny\.jnose_projects\checkstyle\src\main\java\com\puppycrawl\tools\checkstyle\checks\whitespace\ParenPadCheck.java;533;22;1;1;0;0;19;0;0;0;1;0;0;0;0;3;0;0;0;1;0;0;0
checkstyle;SeparatorWrapCheckTest;C:\Users\Danny\.jnose_projects\checkstyle\src\main\java\com\puppycrawl\tools\checkstyle\checks\whitespace\SeparatorWrapCheck.java;134;9;1;0;0;0;6;0;0;0;0;0;0;0;0;0;0;0;0;1;0;0;0
checkstyle;SingleSpaceSeparatorCheckTest;C:\Users\Danny\.jnose_projects\checkstyle\src\main\java\com\puppycrawl\tools\checkstyle\checks\whitespace\SingleSpaceSeparatorCheck.java;199;13;0;0;0;0;11;0;0;0;0;0;0;0;0;1;0;0;0;0;0;0;0
checkstyle;TypecastParenPadCheckTest;C:\Users\Danny\.jnose_projects\checkstyle\src\main\java\com\puppycrawl\tools\checkstyle\checks\whitespace\TypecastParenPadCheck.java;91;5;0;0;0;0;3;0;0;0;0;0;0;0;0;0;0;0;0;0;0;0;0
checkstyle;WhitespaceAfterCheckTest;C:\Users\Danny\.jnose_projects\checkstyle\src\main\java\com\puppycrawl\tools\checkstyle\checks\whitespace\WhitespaceAfterCheck.java;332;28;0;0;0;0;26;0;0;0;0;0;0;0;0;0;0;0;0;0;0;0;0
checkstyle;WhitespaceAroundCheckTest;C:\Users\Danny\.jnose_projects\checkstyle\src\main\java\com\puppycrawl\tools\checkstyle\checks\whitespace\WhitespaceAroundCheck.java;562;30;0;0;0;0;27;0;0;0;0;0;0;0;0;2;0;0;0;0;0;0;0
checkstyle;ConfigurationLoaderTest;C:\Users\Danny\.jnose_projects\checkstyle\src\main\java\com\puppycrawl\tools\checkstyle\ConfigurationLoader.java;698;37;11;0;1;0;8;0;0;0;2;0;0;0;0;1;0;2;5;12;0;0;1
checkstyle;DefaultConfigurationTest;C:\Users\Danny\.jnose_projects\checkstyle\src\main\java\com\puppycrawl\tools\checkstyle\DefaultConfiguration.java;154;9;1;9;0;0;0;0;0;0;0;0;0;0;0;0;0;0;3;1;0;0;4
checkstyle;DefaultLoggerTest;C:\Users\Danny\.jnose_projects\checkstyle\src\main\java\com\puppycrawl\tools\checkstyle\DefaultLogger.java;411;25;0;10;0;0;0;0;0;0;0;0;0;0;0;1;0;0;3;2;0;0;12
checkstyle;DefinitionsTest;C:\Users\Danny\.jnose_projects\checkstyle\src\main\java\com\puppycrawl\tools\checkstyle\Definitions.java;36;1;0;0;0;0;0;0;0;0;0;0;0;0;0;0;0;0;0;0;0;0;0
checkstyle;DetailAstImplTest;C:\Users\Danny\.jnose_projects\checkstyle\src\main\java\com\puppycrawl\tools\checkstyle\DetailAstImpl.java;715;30;0;16;2;0;1;0;0;0;4;0;0;0;0;8;0;2;15;2;0;0;18
checkstyle;DetailNodeTreeStringPrinterTest;C:\Users\Danny\.jnose_projects\checkstyle\src\main\java\com\puppycrawl\tools\checkstyle\DetailNodeTreeStringPrinter.java;235;13;6;0;6;0;2;0;0;0;0;0;0;0;0;0;0;6;0;6;0;0;1
checkstyle;BeforeExecutionExclusionFileFilterTest;C:\Users\Danny\.jnose_projects\checkstyle\src\main\java\com\puppycrawl\tools\checkstyle\filefilters\BeforeExecutionExclusionFileFilter.java;97;6;0;0;0;0;1;0;0;0;0;0;0;0;0;0;0;0;0;0;0;0;1
checkstyle;CsvFilterElementTest;C:\Users\Danny\.jnose_projects\checkstyle\src\main\java\com\puppycrawl\tools\checkstyle\filters\CsvFilterElement.java;142;7;0;6;0;0;0;0;0;0;0;0;0;0;0;0;0;0;0;0;0;0;2
checkstyle;IntMatchFilterElementTest;C:\Users\Danny\.jnose_projects\checkstyle\src\main\java\com\puppycrawl\tools\checkstyle\filters\IntMatchFilterElement.java;62;3;0;2;0;0;0;0;0;0;0;0;0;0;1;0;0;0;0;0;0;0;1
checkstyle;IntRangeFilterElementTest;C:\Users\Danny\.jnose_projects\checkstyle\src\main\java\com\puppycrawl\tools\checkstyle\filters\IntRangeFilterElement.java;94;4;0;3;0;0;0;0;0;0;0;0;0;0;0;0;0;0;2;0;0;0;2
checkstyle;SeverityMatchFilterTest;C:\Users\Danny\.jnose_projects\checkstyle\src\main\java\com\puppycrawl\tools\checkstyle\filters\SeverityMatchFilter.java;118;5;0;2;0;0;0;0;0;0;0;0;0;0;0;0;0;0;0;0;0;0;2
checkstyle;SuppressFilterElementTest;C:\Users\Danny\.jnose_projects\checkstyle\src\main\java\com\puppycrawl\tools\checkstyle\filters\SuppressFilterElement.java;298;19;0;9;0;0;0;0;0;0;0;0;1;0;0;1;0;0;1;0;0;0;2
checkstyle;SuppressionCommentFilterTest;C:\Users\Danny\.jnose_projects\checkstyle\src\main\java\com\puppycrawl\tools\checkstyle\filters\SuppressionCommentFilter.java;652;30;2;1;0;0;14;0;0;0;0;0;0;0;2;5;0;2;2;2;0;0;2
checkstyle;SuppressionFilterTest;C:\Users\Danny\.jnose_projects\checkstyle\src\main\java\com\puppycrawl\tools\checkstyle\filters\SuppressionFilter.java;275;15;2;0;2;0;2;0;0;0;2;0;0;0;0;1;0;2;0;2;0;0;1
checkstyle;SuppressionSingleFilterTest;C:\Users\Danny\.jnose_projects\checkstyle\src\main\java\com\puppycrawl\tools\checkstyle\filters\SuppressionSingleFilter.java;116;15;0;0;0;0;10;0;0;0;0;0;0;0;0;0;0;0;0;0;0;0;0
checkstyle;SuppressionsLoaderTest;C:\Users\Danny\.jnose_projects\checkstyle\src\main\java\com\puppycrawl\tools\checkstyle\filters\SuppressionsLoader.java;390;22;11;0;0;0;0;0;0;0;2;0;0;0;0;0;0;0;0;11;0;0;2
checkstyle;SuppressionXpathFilterTest;C:\Users\Danny\.jnose_projects\checkstyle\src\main\java\com\puppycrawl\tools\checkstyle\filters\SuppressionXpathFilter.java;221;16;2;0;0;0;8;0;0;0;0;0;0;0;0;0;0;0;0;2;0;0;0
checkstyle;SuppressionXpathSingleFilterTest;C:\Users\Danny\.jnose_projects\checkstyle\src\main\java\com\puppycrawl\tools\checkstyle\filters\SuppressionXpathSingleFilter.java;415;26;4;0;0;0;20;0;0;0;0;0;0;0;0;0;0;1;0;4;0;0;0
checkstyle;SuppressWarningsFilterTest;C:\Users\Danny\.jnose_projects\checkstyle\src\main\java\com\puppycrawl\tools\checkstyle\filters\SuppressWarningsFilter.java;151;7;0;0;0;0;3;0;0;0;0;0;0;0;0;0;0;0;0;0;0;0;0
checkstyle;SuppressWithNearbyCommentFilterTest;C:\Users\Danny\.jnose_projects\checkstyle\src\main\java\com\puppycrawl\tools\checkstyle\filters\SuppressWithNearbyCommentFilter.java;783;30;2;1;0;0;17;0;0;0;0;0;0;0;2;7;0;1;1;2;0;0;2
checkstyle;SuppressWithPlainTextCommentFilterTest;C:\Users\Danny\.jnose_projects\checkstyle\src\main\java\com\puppycrawl\tools\checkstyle\filters\SuppressWithPlainTextCommentFilter.java;672;26;5;0;0;0;15;0;0;0;0;0;0;0;0;5;0;0;1;5;0;0;1
checkstyle;XpathFilterElementTest;C:\Users\Danny\.jnose_projects\checkstyle\src\main\java\com\puppycrawl\tools\checkstyle\filters\XpathFilterElement.java;371;27;3;19;0;0;0;0;0;0;0;0;2;0;0;0;0;1;1;3;0;0;2
checkstyle;CodeSelectorPresentationTest;C:\Users\Danny\.jnose_projects\checkstyle\src\main\java\com\puppycrawl\tools\checkstyle\gui\CodeSelectorPresentation.java;150;11;0;5;0;0;0;0;0;0;0;0;0;0;0;0;0;0;0;0;0;0;4
checkstyle;MainFrameModelTest;C:\Users\Danny\.jnose_projects\checkstyle\src\main\java\com\puppycrawl\tools\checkstyle\gui\MainFrameModel.java;261;22;3;6;7;0;4;0;0;0;2;0;0;0;3;0;0;7;1;2;0;0;3
checkstyle;MainFrameTest;C:\Users\Danny\.jnose_projects\checkstyle\src\main\java\com\puppycrawl\tools\checkstyle\gui\MainFrame.java;189;13;0;1;2;0;0;0;0;0;0;0;0;0;0;0;0;5;0;3;0;0;1
checkstyle;MainTest;C:\Users\Danny\.jnose_projects\checkstyle\src\main\java\com\puppycrawl\tools\checkstyle\Main.java;70;2;0;0;0;0;0;0;0;0;1;0;0;0;0;0;0;0;0;0;0;0;0
checkstyle;ParseTreeTablePresentationTest;C:\Users\Danny\.jnose_projects\checkstyle\src\main\java\com\puppycrawl\tools\checkstyle\gui\ParseTreeTablePresentation.java;422;20;3;16;0;0;0;0;0;0;1;0;0;0;0;3;0;1;8;3;0;0;6
checkstyle;TreeTableTest;C:\Users\Danny\.jnose_projects\checkstyle\src\main\java\com\puppycrawl\tools\checkstyle\gui\TreeTable.java;214;12;0;0;0;0;0;0;0;0;0;0;0;0;0;1;0;5;0;0;0;0;1
checkstyle;JavaAstVisitorTest;C:\Users\Danny\.jnose_projects\checkstyle\src\main\java\com\puppycrawl\tools\checkstyle\JavaAstVisitor.java;256;8;0;1;1;0;0;0;0;0;0;0;0;0;0;0;0;2;0;0;0;0;0
checkstyle;JavadocDetailNodeParserTest;C:\Users\Danny\.jnose_projects\checkstyle\src\main\java\com\puppycrawl\tools\checkstyle\JavadocDetailNodeParser.java;56;2;0;1;0;0;0;0;0;0;0;0;0;0;0;0;0;1;0;0;0;0;0
checkstyle;JavadocPropertiesGeneratorTest;C:\Users\Danny\.jnose_projects\checkstyle\src\main\java\com\puppycrawl\tools\checkstyle\JavadocPropertiesGenerator.java;357;21;5;0;0;0;0;0;0;0;0;0;0;0;0;0;0;0;3;5;0;0;1
checkstyle;JavaParserTest;C:\Users\Danny\.jnose_projects\checkstyle\src\main\java\com\puppycrawl\tools\checkstyle\JavaParser.java;298;13;1;0;3;0;0;0;0;0;0;0;0;0;0;3;0;9;9;1;0;0;2
checkstyle;MainTest;C:\Users\Danny\.jnose_projects\checkstyle\src\main\java\com\puppycrawl\tools\checkstyle\Main.java;1897;100;1;0;4;0;0;0;0;74;1;0;0;0;0;6;0;13;4;3;0;0;4
checkstyle;JavadocMetadataScraperTest;C:\Users\Danny\.jnose_projects\checkstyle\src\main\java\com\puppycrawl\tools\checkstyle\meta\JavadocMetadataScraper.java;259;18;11;9;0;0;1;0;0;0;0;0;0;0;0;0;0;0;0;0;0;0;2
checkstyle;MetadataGeneratorUtilTest;C:\Users\Danny\.jnose_projects\checkstyle\src\main\java\com\puppycrawl\tools\checkstyle\meta\MetadataGeneratorUtil.java;143;4;0;0;0;0;0;0;0;0;0;0;0;0;0;1;0;0;0;1;0;0;0
checkstyle;XmlMetaReaderTest;C:\Users\Danny\.jnose_projects\checkstyle\src\main\java\com\puppycrawl\tools\checkstyle\meta\XmlMetaReader.java;175;12;27;0;0;0;0;0;0;3;0;0;0;0;0;0;0;0;0;5;0;0;2
checkstyle;MetadataGeneratorLoggerTest;C:\Users\Danny\.jnose_projects\checkstyle\src\main\java\com\puppycrawl\tools\checkstyle\MetadataGeneratorLogger.java;112;5;0;5;0;0;0;0;0;0;0;0;0;0;0;0;0;0;1;3;0;0;2
checkstyle;PackageNamesLoaderTest;C:\Users\Danny\.jnose_projects\checkstyle\src\main\java\com\puppycrawl\tools\checkstyle\PackageNamesLoader.java;266;11;3;0;0;0;0;0;0;0;0;0;0;0;0;2;0;4;0;3;0;0;3
checkstyle;PackageObjectFactoryTest;C:\Users\Danny\.jnose_projects\checkstyle\src\main\java\com\puppycrawl\tools\checkstyle\PackageObjectFactory.java;534;28;11;10;0;0;0;0;0;0;1;0;0;0;0;1;0;0;1;12;0;0;9
checkstyle;PropertiesExpanderTest;C:\Users\Danny\.jnose_projects\checkstyle\src\main\java\com\puppycrawl\tools\checkstyle\PropertiesExpander.java;65;2;1;1;0;0;0;0;0;0;0;0;0;0;0;0;0;0;2;1;0;0;1
checkstyle;PropertyCacheFileTest;C:\Users\Danny\.jnose_projects\checkstyle\src\main\java\com\puppycrawl\tools\checkstyle\PropertyCacheFile.java;468;16;2;13;2;0;0;0;0;0;1;0;0;0;0;3;0;3;7;8;0;0;7
checkstyle;SarifLoggerTest;C:\Users\Danny\.jnose_projects\checkstyle\src\main\java\com\puppycrawl\tools\checkstyle\SarifLogger.java;309;17;2;10;0;0;7;0;0;0;1;0;0;0;0;0;0;0;0;2;0;0;14
checkstyle;SuppressionsStringPrinterTest;C:\Users\Danny\.jnose_projects\checkstyle\src\main\java\com\puppycrawl\tools\checkstyle\SuppressionsStringPrinter.java;140;8;2;0;5;0;0;0;0;0;0;0;0;0;0;0;0;5;0;2;0;0;1
checkstyle;ThreadModeSettingsTest;C:\Users\Danny\.jnose_projects\checkstyle\src\main\java\com\puppycrawl\tools\checkstyle\ThreadModeSettings.java;117;6;2;4;0;0;0;0;0;0;2;0;0;0;0;0;0;0;1;2;0;0;2
checkstyle;TreeWalkerTest;C:\Users\Danny\.jnose_projects\checkstyle\src\main\java\com\puppycrawl\tools\checkstyle\TreeWalker.java;761;36;8;9;15;0;12;0;0;0;0;0;0;0;0;0;0;15;0;13;0;0;30
checkstyle;AnnotationUtilTest;C:\Users\Danny\.jnose_projects\checkstyle\src\main\java\com\puppycrawl\tools\checkstyle\utils\AnnotationUtil.java;346;22;10;0;0;0;0;0;0;0;0;0;0;0;0;0;0;0;0;10;0;0;2
checkstyle;BlockCommentPositionTest;C:\Users\Danny\.jnose_projects\checkstyle\src\main\java\com\puppycrawl\tools\checkstyle\utils\BlockCommentPosition.java;156;6;0;0;0;0;0;0;0;0;2;0;0;0;0;1;0;2;0;0;0;0;0
checkstyle;ChainedPropertyUtilTest;C:\Users\Danny\.jnose_projects\checkstyle\src\main\java\com\puppycrawl\tools\checkstyle\utils\ChainedPropertyUtil.java;142;6;0;0;3;0;0;0;0;0;0;0;0;0;0;0;0;3;1;0;0;0;1
checkstyle;CheckUtilTest;C:\Users\Danny\.jnose_projects\checkstyle\src\test\java\com\puppycrawl\tools\checkstyle\internal\utils\CheckUtil.java;462;23;1;0;0;0;0;0;0;0;0;0;0;0;0;4;0;0;5;1;0;0;5
checkstyle;CodePointUtilTest;C:\Users\Danny\.jnose_projects\checkstyle\src\main\java\com\puppycrawl\tools\checkstyle\utils\CodePointUtil.java;35;1;0;0;0;0;0;0;0;0;0;0;0;0;0;0;0;0;0;0;0;0;0
checkstyle;CommonUtilTest;C:\Users\Danny\.jnose_projects\checkstyle\src\main\java\com\puppycrawl\tools\checkstyle\utils\CommonUtil.java;631;54;2;48;1;0;0;0;0;2;0;0;0;0;0;1;0;2;7;1;0;0;24
checkstyle;FilterUtilTest;C:\Users\Danny\.jnose_projects\checkstyle\src\main\java\com\puppycrawl\tools\checkstyle\utils\FilterUtil.java;57;4;0;0;1;0;0;0;0;0;0;0;0;0;0;0;0;1;0;0;0;0;1
checkstyle;JavadocUtilTest;C:\Users\Danny\.jnose_projects\checkstyle\src\main\java\com\puppycrawl\tools\checkstyle\utils\JavadocUtil.java;469;27;4;0;0;0;0;0;0;6;0;0;0;0;0;1;0;0;6;4;0;0;4
checkstyle;ModuleReflectionUtilTest;C:\Users\Danny\.jnose_projects\checkstyle\src\main\java\com\puppycrawl\tools\checkstyle\utils\ModuleReflectionUtil.java;384;23;0;0;0;0;0;0;0;0;0;0;0;0;0;0;0;0;2;0;0;0;0
checkstyle;ParserUtilTest;C:\Users\Danny\.jnose_projects\checkstyle\src\main\java\com\puppycrawl\tools\checkstyle\utils\ParserUtil.java;75;2;0;0;0;0;0;0;0;0;0;0;0;0;0;1;0;0;3;0;0;0;0
checkstyle;ScopeUtilTest;C:\Users\Danny\.jnose_projects\checkstyle\src\main\java\com\puppycrawl\tools\checkstyle\utils\ScopeUtil.java;399;23;0;0;0;0;0;0;0;0;0;0;0;0;0;3;0;0;10;0;0;0;3
checkstyle;TokenUtilTest;C:\Users\Danny\.jnose_projects\checkstyle\src\main\java\com\puppycrawl\tools\checkstyle\utils\TokenUtil.java;398;22;5;0;0;0;0;0;0;0;5;0;0;0;0;0;0;0;6;5;0;0;5
checkstyle;XpathUtilTest;C:\Users\Danny\.jnose_projects\checkstyle\src\main\java\com\puppycrawl\tools\checkstyle\utils\XpathUtil.java;215;11;1;0;4;0;0;0;0;0;0;0;0;0;0;0;0;4;3;1;0;0;1
checkstyle;XdocsPropertyTypeTest;C:\Users\Danny\.jnose_projects\checkstyle\src\main\java\com\puppycrawl\tools\checkstyle\XdocsPropertyType.java;65;2;0;0;0;0;0;0;0;0;0;0;0;0;0;0;0;0;0;0;0;0;0
checkstyle;XmlLoaderTest;C:\Users\Danny\.jnose_projects\checkstyle\src\main\java\com\puppycrawl\tools\checkstyle\XmlLoader.java;84;5;0;0;0;0;0;0;0;0;0;0;0;0;0;0;0;0;0;0;0;0;2
checkstyle;XMLLoggerTest;C:\Users\Danny\.jnose_projects\checkstyle\src\main\java\com\puppycrawl\tools\checkstyle\XMLLogger.java;416;22;1;18;0;0;8;0;0;0;3;0;0;0;0;1;0;0;0;1;0;0;14
checkstyle;AttributeNodeTest;C:\Users\Danny\.jnose_projects\checkstyle\src\main\java\com\puppycrawl\tools\checkstyle\xpath\AttributeNode.java;202;16;10;0;0;0;0;0;0;0;0;0;0;0;0;0;0;0;0;10;0;0;0
checkstyle;ElementNodeTest;C:\Users\Danny\.jnose_projects\checkstyle\src\main\java\com\puppycrawl\tools\checkstyle\xpath\ElementNode.java;289;18;0;11;0;0;0;0;0;0;0;0;0;0;0;0;0;0;5;7;0;0;5
checkstyle;DescendantIteratorTest;C:\Users\Danny\.jnose_projects\checkstyle\src\main\java\com\puppycrawl\tools\checkstyle\xpath\iterators\DescendantIterator.java;107;3;0;3;0;0;0;0;0;0;0;0;0;0;0;1;0;0;3;3;0;0;2
checkstyle;FollowingIteratorTest;C:\Users\Danny\.jnose_projects\checkstyle\src\main\java\com\puppycrawl\tools\checkstyle\xpath\iterators\FollowingIterator.java;76;2;0;2;0;0;0;0;0;0;0;0;0;0;0;1;0;0;2;2;0;0;2
checkstyle;PrecedingIteratorTest;C:\Users\Danny\.jnose_projects\checkstyle\src\main\java\com\puppycrawl\tools\checkstyle\xpath\iterators\PrecedingIterator.java;140;4;0;4;0;0;0;0;0;0;0;0;0;0;0;2;0;0;4;4;0;0;2
checkstyle;ReverseDescendantIteratorTest;C:\Users\Danny\.jnose_projects\checkstyle\src\main\java\com\puppycrawl\tools\checkstyle\xpath\iterators\ReverseDescendantIterator.java;62;1;0;1;0;0;0;0;0;0;0;0;0;0;0;0;0;0;2;1;0;0;0
checkstyle;ReverseListIteratorTest;C:\Users\Danny\.jnose_projects\checkstyle\src\main\java\com\puppycrawl\tools\checkstyle\xpath\iterators\ReverseListIterator.java;128;3;0;2;0;0;0;0;0;0;1;0;0;0;0;0;0;0;0;2;0;0;4
checkstyle;RootNodeTest;C:\Users\Danny\.jnose_projects\checkstyle\src\main\java\com\puppycrawl\tools\checkstyle\xpath\RootNode.java;470;35;23;1;0;0;0;0;0;0;0;0;0;0;0;1;0;0;2;31;0;0;1
checkstyle;XpathQueryGeneratorTest;C:\Users\Danny\.jnose_projects\checkstyle\src\main\java\com\puppycrawl\tools\checkstyle\xpath\XpathQueryGenerator.java;669;35;0;30;8;0;0;0;0;0;0;0;0;0;0;1;0;8;1;0;0;0;2
checkstyle;XpathFileGeneratorAstFilterTest;C:\Users\Danny\.jnose_projects\checkstyle\src\main\java\com\puppycrawl\tools\checkstyle\XpathFileGeneratorAstFilter.java;173;7;0;4;0;0;0;0;0;0;0;0;0;0;0;0;0;0;0;0;0;0;3
checkstyle;XpathFileGeneratorAuditListenerTest;C:\Users\Danny\.jnose_projects\checkstyle\src\main\java\com\puppycrawl\tools\checkstyle\XpathFileGeneratorAuditListener.java;351;23;1;6;0;0;3;0;0;0;0;0;0;0;0;1;0;0;0;1;0;0;8
